Code,English Name,Population
AF,Afghanistan,37172386
AX,Åland Islands,29884
AL,Albania,2866376
DZ,Algeria,42228429
AS,American Samoa,55465
AD,Andorra,77006
AO,Angola,30809762
AI,Anguilla,14731
AQ,Antarctica,1
AG,Antigua and Barbuda,96286
AR,Argentina,44494502
AM,Armenia,2951776
AW,Aruba,105845
AU,Australia,24982688
AT,Austria,8840521
AZ,Azerbaijan,9939800
BS,Bahamas,385640
BH,Bahrain,1569439
BD,Bangladesh,161356039
BB,Barbados,286641
BY,Belarus,9483499
BE,Belgium,11433256
BZ,Belize,383071
BJ,Benin,11485048
BM,Bermuda,63973
BT,Bhutan,754394
BO,Bolivia,11353142
BA,Bosnia and Herzegovina,3323929
BW,Botswana,2254126
BV,Bouvet Island,1
BR,Brazil,209469333
IO,British Indian Ocean Territory,1
BN,Brunei,428962
BG,Bulgaria,7025037
BF,Burkina Faso,19751535
MM,Burma,53582855
BI,Burundi,11175378
CV,Cabo Verde,543767
KH,Cambodia,16249798
CM,Cameroon,25216237
CA,Canada,37057765
BQ,Caribbean Netherlands ,7358965
KY,Cayman Islands,64174
CF,Central African Republic,4666377
TD,Chad,15477751
CL,Chile,18729160
CN,China,1392730000
CX,Christmas Island,1843
CC,Cocos (Keeling) Islands,544
CO,Colombia,49648685
KM,Comoros,832322
CG,Congo (Brazzaville),5244363
CD,Congo (Kinshasa),84068091
CK,Cook Islands,17518
CR,Costa Rica,4999441
CI,Cote d'Ivoire,25069229
HR,Croatia,4087843
CU,Cuba,11338138
CW,Curaçao,159800
CY,Cyprus,1189265
CZ,Czechia,10629928
DK,Denmark,5793636
DJ,Djibouti,958920
DM,Dominica,71625
DO,Dominican Republic,10627165
EC,Ecuador,17084357
EG,Egypt,98423595
SV,El Salvador,6420744
GQ,Equatorial Guinea,1308974
ER,Eritrea,5750433
EE,Estonia,1321977
SZ,Eswatini,1136191
ET,Ethiopia,109224559
FK,Falkland Islands,3398
FO,Faroe Islands,48497
FJ,Fiji,883483
FI,Finland,5515525
FR,France,66977107
GF,French Guiana,290691
PF,French Polynesia,277679
TF,French Southern Territories,1
GA,Gabon,2119275
GM,Gambia,2280102
GE,Georgia,3726549
DE,Germany,82905782
GH,Ghana,29767108
GI,Gibraltar,33718
GR,Greece,10731726
GL,Greenland,56025
GD,Grenada,111454
GP,Guadeloupe,395700
GU,Guam,165768
GT,Guatemala,17247807
GG,Guernsey,62792
GN,Guinea,12414318
GW,Guinea-Bissau,1874309
GY,Guyana,779004
HT,Haiti,11123176
HM,Heard and McDonald Islands,1
VA,Holy See,825
HN,Honduras,9587522
HK,Hong Kong,7451000
HU,Hungary,9775564
IS,Iceland,352721
IN,India,1352617328
ID,Indonesia,267663435
IR,Iran,81800269
IQ,Iraq,38433600
IE,Ireland,4867309
IM,Isle of Man,84077
IL,Israel,8882800
IT,Italy,60421760
JM,Jamaica,2934855
JP,Japan,126529100
JE,Jersey,106800
JO,Jordan,9956011
KZ,Kazakhstan,18272430
KE,Kenya,51393010
KI,Kiribati,115847
KR,"Korea, South",51606633
KW,Kuwait,4137309
KG,Kyrgyzstan,6322800
LA,Laos,7061507
LV,Latvia,1927174
LB,Lebanon,6848925
LS,Lesotho,2108132
LR,Liberia,4818977
LY,Libya,6678567
LI,Liechtenstein,37910
LT,Lithuania,2801543
LU,Luxembourg,607950
MO,Macau,631636
MG,Madagascar,26262368
MW,Malawi,18143315
MY,Malaysia,31528585
MV,Maldives,515696
ML,Mali,19077690
MT,Malta,484630
MH,Marshall Islands,58413
MQ,Martinique,376480
MR,Mauritania,4403319
MU,Mauritius,1265303
YT,Mayotte,279471
MX,Mexico,126190788
FM,"Micronesia, Federated States of",112640
MD,Moldova,2706049
MC,Monaco,38682
MN,Mongolia,3170208
ME,Montenegro,622227
MS,Montserrat,36029138
MA,Morocco,29495962
MZ,Mozambique,53708395
NA,Namibia,2448255
NR,Nauru,12704
NP,Nepal,28087871
NL,Netherlands,17231624
NC,New Caledonia,284060
NZ,New Zealand,4841000
NI,Nicaragua,6465513
NE,Niger,22442948
NG,Nigeria,195874740
NU,Niue,1620
NF,Norfolk Island,1748
KP,North Korea,25549819
MK,North Macedonia,2082958
MP,Northern Mariana Islands,56882
NO,Norway,5311916
OM,Oman,4829483
PK,Pakistan,212215030
PW,Palau,17907
PA,Panama,4176873
PG,Papua New Guinea,8606316
PY,Paraguay,6956071
PE,Peru,31989256
PH,Philippines,106651922
PN,Pitcairn,50
PL,Poland,37974750
PT,Portugal,10283822
PR,Puerto Rico,3195153
QA,Qatar,2781677
RE,Réunion,859959
RO,Romania,19466145
RU,Russia,144478050
RW,Rwanda,12301939
BL,Saint Barthélemy,9793
SH,Saint Helena,4534
KN,Saint Kitts and Nevis,52441
LC,Saint Lucia,181889
VC,Saint Vincent and the Grenadines,110210
MF,Saint-Martin (France),37264
WS,Samoa,196130
SM,San Marino,33785
ST,Sao Tome and Principe,211028
SA,Saudi Arabia,33699947
SN,Senegal,15854360
RS,Serbia,6982604
SC,Seychelles,96762
SL,Sierra Leone,7650154
SG,Singapore,5638676
SX,Sint Maarten (Dutch part),40654
SK,Slovakia,5446771
SI,Slovenia,2073894
SB,Solomon Islands,652858
SO,Somalia,15008154
ZA,South Africa,57779622
GS,South Georgia and the South Sandwich Islands,1
SS,South Sudan,10975920
ES,Spain,46796540
LK,Sri Lanka,21670000
PM,St. Pierre and Miquelon,6008
SD,Sudan,41801533
SR,Suriname,575991
SJ,Svalbard and Jan Mayen Islands,2667
SE,Sweden,10175214
CH,Switzerland,8513227
SY,Syria,16906283
TW,Taiwan*,23780452
TJ,Tajikistan,9100837
TZ,Tanzania,56318348
TH,Thailand,69428524
TL,Timor-Leste,1267972
TG,Togo,7889094
TK,Tokelau,1499
TO,Tonga,103197
TT,Trinidad and Tobago,1389858
TN,Tunisia,11565204
TR,Turkey,82319724
TM,Turkmenistan,5850908
TC,Turks and Caicos Islands,37665
TV,Tuvalu,11508
UG,Uganda,42723139
UA,Ukraine,44622516
AE,United Arab Emirates,9630959
GB,United Kingdom,66460344
UM,United States Minor Outlying Islands,300
UY,Uruguay,3449299
US,US,326687501
UZ,Uzbekistan,32955400
VU,Vanuatu,292680
VE,Venezuela,28870195
VN,Vietnam,95540395
VG,Virgin Islands (British),29802
VI,Virgin Islands (U.S.),106977
WF,Wallis and Futuna Islands,11558
PS,West Bank and Gaza,4569087
EH,Western Sahara,567402
YE,Yemen,28498687
ZM,Zambia,17351822
ZW,Zimbabwe,14439018
